created_at;id_str;full_text;quote_count;reply_count;retweet_count;favorite_count;lang;user_id_str;conversation_id_str;username;tweet_url
Tue Mar 05 06:20:17 +0000 2024;1764898711921192993;"KUCING PARODI DEBAT CAPRES";0;0;0;0;in;1446432943434461187;1764898711921192993;jiunlucu;https://twitter.com/jiunlucu/status/1764898711921192993
Tue Mar 05 06:20:03 +0000 2024;1764898649799278849;"@islah_bahrawi Capres ente kalah ya cak?";0;0;0;0;in;1733672439874560000;1764591866874626141;Kusum62845;https://twitter.com/Kusum62845/status/1764898649799278849
Tue Mar 05 06:19:06 +0000 2024;1764898412309430371;"Mimin @NasDem @DPP_PKB @PKSejahtera Benarkah Ucapan Capres 24% @aniesbaswedan ğŸ‘‡ğŸ‘‡ https://t.co/2TsAw5nDyu";0;0;0;0;in;3170751642;1764898412309430371;G0P4NK_G0P4NG_7;https://twitter.com/G0P4NK_G0P4NG_7/status/1764898412309430371
Tue Mar 05 06:18:14 +0000 2024;1764898195652690418;"kucing parodi debat capres";0;0;0;0;in;1673963360466132994;1764898195652690418;alhaithann;https://twitter.com/alhaithann/status/1764898195652690418
Tue Mar 05 06:17:04 +0000 2024;1764897900210089991;"@Rahayu60336018 Lewat dikit";0;0;0;0;in;1435248224634241030;1764826588359610749;capres_2024;https://twitter.com/capres_2024/status/1764897900210089991
Tue Mar 05 06:15:42 +0000 2024;1764897556314959920;"Yuk kesini kakağŸ˜";0;0;0;0;in;1732643978213019648;1764897556314959920;ayamcapresc_ijo;https://twitter.com/ayamcapresc_ijo/status/1764897556314959920
Tue Mar 05 06:15:14 +0000 2024;1764897439461605856;"@tanyakanrl empathynya lsg ilang cm grgr capres? GWS.";0;0;0;0;in;1447408073866317828;1764887952197582903;luvkrive;https://twitter.com/luvkrive/status/1764897439461605856
Tue Mar 05 06:14:57 +0000 2024;1764897367567069384;"Pagi tadi temenÂ² kantor gue yang milih dua pada ribut siapa aja yang bakal kebagian jatah menteri.   Gue dalam hati, "CAPRES LU NOH BINGUNG SAMA PROGRAM MAKAN SIANGNYA SENDIRI". Kesel banget gue anjir ğŸ˜­ğŸ˜­ğŸ˜­";0;0;0;0;in;1263945143884775424;1764897367567069384;mengcaphe;https://twitter.com/mengcaphe/status/1764897367567069384
Tue Mar 05 06:13:58 +0000 2024;1764897120237347159;"HAHAHAHA mood bgt banyak yg salfok kucing parodi debat capres, ayo nder spill";0;0;0;0;in;1335371239108403200;1764897120237347159;oriceeneel;https://twitter.com/oriceeneel/status/1764897120237347159
Tue Mar 05 06:13:50 +0000 2024;1764897085974008250;"@AH_SiregarXIX @anasurbaningrum Gak apa-apa, pokoknya terwakili, soal bagaimana jumlah capres, lalu biaya sumbangan negara ke partai membengkak dan biaya pemilu membengkak gak peduli. Gak mikir pemerataan pembangunan, kesehatan, pendidikan dll yang masih butuh biaya banyak. Garong duit rakyat.";0;0;0;0;in;2228029288;1764846427719815534;putrapetir_007;https://twitter.com/putrapetir_007/status/1764897085974008250
Tue Mar 05 06:13:06 +0000 2024;1764896902959804799;"@The_KingSalaman @268Densur @XIXKunciELXIX @Soraya__X @mamat_oking1 @capres_2024 @RPrima789 @KaredokLeunca__ ğŸ¤­ğŸ¤­";0;1;0;1;qme;611746697;1762504360414847340;Lux_Boy77;https://twitter.com/Lux_Boy77/status/1764896902959804799
Tue Mar 05 06:12:46 +0000 2024;1764896820163944918;"@MamiaDoang @Gi_N0ng @kurawa ğŸ˜³ ngeri Klee   Apa salah pa jokowi sm dia  ??   Gara2 ga dukung capres nya ğŸ¤£ğŸ¤£";0;0;0;0;in;1604408934525464576;1764892834794979371;xquitavee;https://twitter.com/xquitavee/status/1764896820163944918
Tue Mar 05 06:12:20 +0000 2024;1764896711238127918;"kucing parodi debat capres ğŸ˜­ğŸ˜­ğŸ˜­ tlong spill";0;0;0;0;in;1646469648;1764896711238127918;hellowmarseu;https://twitter.com/hellowmarseu/status/1764896711238127918
Tue Mar 05 06:11:24 +0000 2024;1764896476382257662;"@abu_waras Kenapa bukan anies saja yg nyatakan itu? Bukankah anies adalah Capres yg kalian anggap "orang suci"???ğŸ¤£ğŸ¤£ğŸ¤£ğŸ¤£";0;0;0;0;in;1707994219825213440;1764772025435062527;Nonox2314;https://twitter.com/Nonox2314/status/1764896476382257662
Tue Mar 05 06:11:24 +0000 2024;1764896473425355155;"@PolJokesID Yg fanatik sama capres monggo direnungkan";0;0;0;0;in;953358162815369216;1764842828415566272;njeemhmd;https://twitter.com/njeemhmd/status/1764896473425355155
Tue Mar 05 06:11:08 +0000 2024;1764896409457947046;"@kumparan Namanya Indonesia Police Watch, tapi yg dilaporkan mantan gubernur dan capres. Sementara dugaan keterlibatan kecurangan pemilu yg dilakukan oknum polisi tidak di-watch sama sekali!";0;0;0;1;in;2475099950;1764872101880844439;wekokuncara;https://twitter.com/wekokuncara/status/1764896409457947046
Tue Mar 05 06:10:46 +0000 2024;1764896315119652880;"@3rwin__34 @ganjarpranowo @mohmahfudmd Sesuai hasil QC KOMPAS dan RC KPU perolehan suaranya cuma 16 % dibawah PEROLEHAN SUARA ARB WN KETURUNAN IMIGRAN/ASING pertama yg diusung jadi CAPRES di INDONESIA setelah UU diamandemen diijinkan IKUT PILPRES perolehan suaranya 24 %.";0;0;0;0;in;228652010;1764894640963235987;Bambang_Budimab;https://twitter.com/Bambang_Budimab/status/1764896315119652880
Tue Mar 05 06:10:28 +0000 2024;1764896238368178515;"@causeyouluvme @convomf KAK PLS AK MAU NONTON KUCING PARODI DEBAT CAPRES";0;0;0;0;in;1235201508511084550;1764835435459883412;crmlfrappees;https://twitter.com/crmlfrappees/status/1764896238368178515
Tue Mar 05 06:10:25 +0000 2024;1764896226183725394;"@causeyouluvme @convomf kak plis pengen nonton kucing parodi debat capres ğŸ™ğŸ˜­";0;0;0;0;in;1518463218792148993;1764835435459883412;ailurophilema;https://twitter.com/ailurophilema/status/1764896226183725394
Tue Mar 05 06:10:04 +0000 2024;1764896141458718798;"Setelah 01 dibully, kini capres 03 @ganjarpranowo disentil jg. Parah ini @habiburokhman kader @Gerindra ring 1 nya @prabowo .";0;0;0;0;in;1097559768804126720;1764896141458718798;DoesDeep;https://twitter.com/DoesDeep/status/1764896141458718798
Tue Mar 05 06:09:49 +0000 2024;1764896076451189157;"@gilang_ahm31272 Belum sembuh juga nih para cecunguk capres dungu, sampai arah yg bukan jalurnya dimasuki jiga ....memang sumua pecundang sdh pada edan";0;1;0;0;in;1565504642628214785;1764894517193507109;AryoKuncoro47;https://twitter.com/AryoKuncoro47/status/1764896076451189157
Tue Mar 05 06:09:29 +0000 2024;1764895994125386206;"@ARSIPAJA programnya bagus apalagi kl diliat dr DANA yg akan dialokasikan oleh pemerintah tp yg jd mslh adlh program/proyek tsb hrsnya diselenggarakan oleh pihak2 yg profesional tp nyatanya nnti malah dikerjakan oleh circle2 koalisi yg memenangkan capres kmrn (KKN).";0;0;0;0;in;1185826689504276481;1764806975274262762;GordTheLegend;https://twitter.com/GordTheLegend/status/1764895994125386206
Tue Mar 05 06:07:20 +0000 2024;1764895452041031893;"@causeyouluvme @convomf GW MAU LIAT KUCING PARODI DEBAT CAPRES";0;0;0;0;in;565886731;1764835435459883412;cattominyg;https://twitter.com/cattominyg/status/1764895452041031893
Tue Mar 05 06:06:21 +0000 2024;1764895203843060062;"@causeyouluvme @convomf MAU LIAT KUCING PARODI DEBAT CAPRES";0;1;0;5;in;1291801608699834368;1764835435459883412;giselleaespax;https://twitter.com/giselleaespax/status/1764895203843060062
Tue Mar 05 06:02:27 +0000 2024;1764894221411238174;"Update hasil real count Pilpres 2024, Senin (26/2/2024), pukul 12:00 WIB, paslon capres-cawapres nomor 02, Prabowo-Gibran, masih jadi yang teratas. https://t.co/WuGI2ncdN6";0;0;0;0;in;1076441484692312065;1764894221411238174;Wiligis_W11;https://twitter.com/Wiligis_W11/status/1764894221411238174
Tue Mar 05 05:59:21 +0000 2024;1764893443300769797;"@CNNIndonesia Ada tahapan hasil pemilu yang bisa diakses oleh semua Caleg atau Capres , awasi dan kawal  saja  https://t.co/3Rq7AQOdu7";0;0;0;1;in;1251824880967774208;1764890111529869548;Heraloebss;https://twitter.com/Heraloebss/status/1764893443300769797
Tue Mar 05 05:58:16 +0000 2024;1764893169932710101;"@causeyouluvme @convomf mau nonton kucing parodi debat capres ğŸ˜­";0;0;0;0;in;1012180993485049856;1764835435459883412;ahnzhen;https://twitter.com/ahnzhen/status/1764893169932710101
Tue Mar 05 05:57:27 +0000 2024;1764892962469913006;"@NetralID62 @SmokesOnMyHead @DatukPanduto_ Wkwkwk.. tukang jilat batang..  Kaum ğŸ³ï¸â€ğŸŒˆ kayak loe mana bisa menang capres yg didukung..";0;1;0;0;in;1557693391;1556853151474409472;zamal_wilda;https://twitter.com/zamal_wilda/status/1764892962469913006
Tue Mar 05 05:55:57 +0000 2024;1764892586232471996;"@Dennysiregar7 Krn bahas capres udh gak ada harapan , skrg bahas barang baru ...biar  keliatan kerja dan ada usaha â˜•ğŸ¤­";0;0;0;0;in;1362802672579977216;1764866849676857711;Hagai03207197;https://twitter.com/Hagai03207197/status/1764892586232471996
Tue Mar 05 05:55:36 +0000 2024;1764892498332360862;"@causeyouluvme @convomf KUCING PARODI DEBAT CAPRES";0;0;0;0;in;1197530012041256960;1764835435459883412;watsongitis;https://twitter.com/watsongitis/status/1764892498332360862
Tue Mar 05 05:54:46 +0000 2024;1764892288315220092;"@Kanjeng2022 Lu benci boleh. Gak suka jg gpp. Tapi.... jgn fitnah. Jgn buat cerita hoax. Prabowo Soebianto trah-nya sangat detail dan jelas. Gak ada yg ditutupi. Bahkan jauhhhh sblm dia men-capres-kan diri. Semuanya terang benderang.   So berhentilah menyebarkan hoax. Itu menjijikkan! ğŸ¤®ğŸ¤®ğŸ¤®";0;0;0;0;in;1339754306870726657;1764703835338269020;ansal1979;https://twitter.com/ansal1979/status/1764892288315220092
Tue Mar 05 05:54:14 +0000 2024;1764892152868553096;"@Anggo____ ì‚¬ì´ë²„ í‘í¬ì  ë¯¸ë…€ ì…€ì¹´ ğŸ‘ğŸ»ğŸ‘ğŸ»";0;0;0;0;ko;1538455438605201410;1764874036709068876;103ACapres;https://twitter.com/103ACapres/status/1764892152868553096
Tue Mar 05 05:53:55 +0000 2024;1764892075621826751;"@Nyi_Maheswari @psi_id @CherylTanzil @Uki23 @DPR_RI Itu SIREKAP tanteâ€¦ SIREKAP itu Kerjaan Sistem Aplikasi Komputer!!!  Peganglah Arsip SAKSI TPS kalian dan Sesuaikan dengan HASIL REAL COUNT KPU!!! Kan setiap HITUNGAN KPU selalu ada SAKSI PARTAI &amp  Capres!!!  Bijimana seh";0;0;0;0;in;394675941;1764798608681885937;BattoAjax;https://twitter.com/BattoAjax/status/1764892075621826751
Tue Mar 05 05:51:23 +0000 2024;1764891435881714072;"@causeyouluvme @convomf kucing parodi debat capres, ini kucingnya bs ngomong kh?ğŸ˜­";0;0;0;0;in;1102240656607436800;1764835435459883412;pcrnypcrhin;https://twitter.com/pcrnypcrhin/status/1764891435881714072
Tue Mar 05 05:49:15 +0000 2024;1764890901044941278;"@causeyouluvme @convomf yang parodi debat capres jgn di private napağŸ˜­ pasti viral itu wkwkwk";0;0;0;32;in;1561887919521927169;1764835435459883412;zxnlrx;https://twitter.com/zxnlrx/status/1764890901044941278
Tue Mar 05 05:46:46 +0000 2024;1764890275934294109;"@causeyouluvme @convomf Kucing parodi debat capresğŸ˜­ğŸ˜­ğŸ˜­";0;0;0;0;in;884250613524987904;1764835435459883412;qidszypizzy;https://twitter.com/qidszypizzy/status/1764890275934294109
Tue Mar 05 05:46:06 +0000 2024;1764890107348484098;"@ARSIPAJA Gua merasa engga diwakilin sama mereka";0;0;0;0;in;1260342062781657089;1764871179578593691;ridwanlzd;https://twitter.com/ridwanlzd/status/1764890107348484098
Tue Mar 05 05:46:02 +0000 2024;1764890091691061310;"Kalo pemilu cari menang doang mah, capres selanjutnya bikin janji hapus cukai rokok aja. Yg bukan perokok juga kayanya ganyampe 40% penduduk, auto win.";0;0;0;0;in;518409202;1764890091691061310;rhmngbd;https://twitter.com/rhmngbd/status/1764890091691061310
Tue Mar 05 05:44:41 +0000 2024;1764889749918224816;"jadi inget ada capres yg merhatiin hal kecil kyk giniğŸ¤§ğŸ˜‚ HAHAHA ah sudalah kita makan gratis sj 2029 https://t.co/BvJKT4phCr";0;0;0;0;in;1059810834099011584;1764888499797569928;msmustikaaa;https://twitter.com/msmustikaaa/status/1764889749918224816
Tue Mar 05 05:44:25 +0000 2024;1764889686525251813;"ğŸ¤­ğŸ˜ dari jaman kadrun juga yg beginian gagal mulu   Skrg giliran Bajer capres kalah si janggar jd provokator demo ğŸ¤­   Pa @CCICPolri @DivHumas_Polri ada ajakan untuk keonaran ğŸ‘‡";0;0;0;0;in;1604408934525464576;1764889686525251813;xquitavee;https://twitter.com/xquitavee/status/1764889686525251813
Tue Mar 05 05:44:23 +0000 2024;1764889676576591886;"@tvOneNews Wkwkwkwkwk KABINET MENTRI PRABORO, emang dia siapa. Baru CAPRES CURANG broooo ğŸ¤£ğŸ¤£ğŸ¤£";0;0;0;0;in;1737047901757743104;1764803822898344186;GrosirJogjaya;https://twitter.com/GrosirJogjaya/status/1764889676576591886
Tue Mar 05 05:44:01 +0000 2024;1764889585182740975;"@herjobi @momon_garuk44 @yennywahid Hahaha... klau jokowi udah tahu Ganjar kalah, ngapain sirambut putih diendors.  Ditengah jalan berubah haluan mengendors prabowo, karna paman Usman menyiapkan paket cawapres. hahaha... tp ngomong didepan rakyat, klau capres -cawapres itu urusan partai, bukan urusan presiden.ğŸ˜‚";0;0;0;0;in;1543882918992367616;1763800337348227476;AlimMaktour;https://twitter.com/AlimMaktour/status/1764889585182740975
Tue Mar 05 05:43:29 +0000 2024;1764889451178942464;"PKS Bimbang, Mau Oposisi Atau Koalisi  PKS tak ingin terburu-buru menyatakan sikap untuk beroposisi pada pemerintahan yang akan datang.  Sebab, belum ada keputusan resmi dari KPU RI terkait siapa pemenang Pilpres 2024.   Walaupun, pasangan capres-cawapres nomor urut 2,â€¦ https://t.co/ADDmr85CS8";0;0;0;3;in;990237626;1764889451178942464;rmol_id;https://twitter.com/rmol_id/status/1764889451178942464
Tue Mar 05 05:42:10 +0000 2024;1764889118780403854;"@Distaaa__ @RayhanDama @CNNIndonesia bagi bagi yg mana blok? lagian yg di istana mah itu bukan bansos bulanan tapi bantuan biasa buat warga sekitar situ dan itu jauh sebelum adanya copras capres";0;0;0;0;in;1585711471270694913;1764545512127295992;xiyoflen;https://twitter.com/xiyoflen/status/1764889118780403854
Tue Mar 05 05:39:53 +0000 2024;1764888544370422060;"@rezaimamri @Yayadongmskga @swarticee @Bull_winner Economic sustainability. Dari 3 capres ini sepertinya cuma Ganjar yg bener2 paham dgn ekonomi. tapi maybe saya miss pemberitaan.  Whateva, presiden berikutnya juga pasti melanjutkan visi yg sebelumnya. Kampanye cuma iklan jargon saja, implementasinya pasti beda. ğŸ˜†";0;0;0;0;in;1650917246955569152;1764814011957485956;ShailaFatita;https://twitter.com/ShailaFatita/status/1764888544370422060
Tue Mar 05 05:38:36 +0000 2024;1764888221581017149;"@kdrn_phobia @RomeoWalker19 Kasian gw liat penduking 02.katanya udh menang tapi msh nyerang capres paslon 01 dan 03.itu artinya hati nurani mrk jg sbnarnya menolak kemenangan 02 itu..yg diduga diwarnai kecurangan yg TSM..ğŸ¤£ğŸ¤£ğŸ¤£";1;1;0;1;in;1314938229527736320;1764885357500502482;putucangkiriku;https://twitter.com/putucangkiriku/status/1764888221581017149
Tue Mar 05 05:38:34 +0000 2024;1764888213028565099;"@pakarkampanye Yg waktu debat capres ada yg di tarik kerah bajunya keknya Sama pa wok";0;0;0;0;in;194927151;1764783453831135652;uncledarwin;https://twitter.com/uncledarwin/status/1764888213028565099
Tue Mar 05 05:37:18 +0000 2024;1764887891493155265;"@Gunto_Jaya9 Ya bner lain kle partai2 yg kyk gtu ga boleh usung capres ğŸ˜ğŸ˜";0;1;0;1;in;1604408934525464576;1764862566336012366;xquitavee;https://twitter.com/xquitavee/status/1764887891493155265
Tue Mar 05 05:37:16 +0000 2024;1764887883243241962;"@Miduk17 Cuma ngomong curang coreng kumpulkan saja bukti kecurangannya,disetiap TPS ada saksi dari partai peserta pemilu dan saksi dari capres selisih suara satu saja penghitungan hrs diulang";0;0;0;0;in;1609922355773739010;1764668687146160396;bukan_pandawa;https://twitter.com/bukan_pandawa/status/1764887883243241962
Tue Mar 05 05:36:13 +0000 2024;1764887620788912285;"@causeyouluvme @convomf kucing parodi debat capresğŸ˜­ğŸ˜­";0;0;3;98;in;1348284930745200640;1764835435459883412;iniclaude;https://twitter.com/iniclaude/status/1764887620788912285
Tue Mar 05 05:34:56 +0000 2024;1764887296913113259;"Rapat paripurna DPR RI diwarnai interupsi dari PKS mengenai program makan siang gratis, kemudian direspons dua anggota DPR pendukung capres Prabowo Subianto. Seperti apa? https://t.co/XFGUkyqkjF";0;0;2;3;in;69183155;1764887296913113259;detikcom;https://twitter.com/detikcom/status/1764887296913113259
Tue Mar 05 05:34:26 +0000 2024;1764887172602307018;"sebelum musim copras capres ini kan kalau presiden kunjugan kerja ke luar negeri harusnya selalu nunjuk plt presiden sementara ya? kenapa kok penunjukan ini ramenya setelah copras capres sih? media mau adu rakyat yang benci presiden? ğŸ¤·ğŸ»â€â™‚ï¸";0;0;0;0;in;76907439;1764887172602307018;avivadriel;https://twitter.com/avivadriel/status/1764887172602307018
Tue Mar 05 05:33:21 +0000 2024;1764886897489535436;"@psi_id Maling ada yang ngaku?";0;0;0;0;in;210395678;1764851658230775954;lusyant;https://twitter.com/lusyant/status/1764886897489535436
Tue Mar 05 05:31:37 +0000 2024;1764886463815254476;"@Naz_lira Kasian bnyak yg ngaku org2 pinter, tp masih aja percaya sama ketiga capresğŸ˜…ğŸ˜…";0;0;0;0;in;78271573;1764799604355432642;Argumen_Bacot;https://twitter.com/Argumen_Bacot/status/1764886463815254476
Tue Mar 05 05:30:41 +0000 2024;1764886229055852835;"@edwinbazz @PRFMnews Kabeh capres kitu boga program tapi konsep nol";0;0;0;0;in;59413775;1764845295614242851;samdee_me;https://twitter.com/samdee_me/status/1764886229055852835
Tue Mar 05 05:29:18 +0000 2024;1764885879510929805;"@FelixSGL1 @guardiamoavant Ganjar kinerjanya yg paling mendingan dr ketiga capres kemaren, infustrialisasi di jateng baru mulai kenceng di masa dia, cm emang APBDnya kecil jd gak bisa bangun banyak. Sayang aja buzzer pdip bukannya bagus2in ganjar dan nunjukin kelebihannya, malah nyerang jokowi mulu.";0;1;0;2;in;1604841418240823296;1764851464365830456;y_yttaa;https://twitter.com/y_yttaa/status/1764885879510929805
Tue Mar 05 05:28:02 +0000 2024;1764885563176636532;"@matchalatte9521 Coba pakai "sepatu" mrk, atau pakai "sepatu" di luar partai atau capres yg anda dukung. Udh ada di tweet awal";0;0;0;0;in;508535668;1764274436767895874;TopanTj;https://twitter.com/TopanTj/status/1764885563176636532
Tue Mar 05 05:27:22 +0000 2024;1764885393902797189;"@Bangdjun_id Kalau setiap warga di setiap kecamatann setelah selesai Rapat Pleno Rekap Pemilu Capres 2024 pada di setiap PPK diseluruh indonesia. dahsayat efeknya pasti dengan melakukan deklarasi Kemenangan AMIN, krna hampir di semua provinsi AMIN 01 menang cuma diputarbalikkan kepaslon lain";0;0;0;1;in;1333687607264309249;1764582618794983767;alharafa;https://twitter.com/alharafa/status/1764885393902797189
Tue Mar 05 05:27:20 +0000 2024;1764885383916212383;"@zy_zy_its_me Bodoh ko bisa capres?  Hahaha...  Buzzer gemoy parahğŸ¤” punya perut gak pake otak yang penting makan gratisğŸ˜‚ğŸ˜‚ğŸ˜‚";0;0;0;0;in;1675513121501507584;1764665584753725736;by_samarkand;https://twitter.com/by_samarkand/status/1764885383916212383
Tue Mar 05 05:26:44 +0000 2024;1764885233449750744;"@_mardial_ Anies juga kaya begini kali ya balik jadi Dosen apalagi bukan gagal caleg lagi tapi gagal capres wkwwk";0;0;0;0;in;1335271827510214656;1764728909118267756;afcdevan;https://twitter.com/afcdevan/status/1764885233449750744
Tue Mar 05 05:25:42 +0000 2024;1764884972245311892;"@kurawa Kasih bukti2 kecurangan PSI aja bisa gak Kur?";0;0;0;0;in;210395678;1764836309992980955;lusyant;https://twitter.com/lusyant/status/1764884972245311892
Tue Mar 05 05:22:24 +0000 2024;1764884145355067854;"@idextratime Minta maaf doang? Ringan banget. Itu bahaya banget bisa langsung meninggal di tempat lho kalau bentur keras";0;0;0;0;in;1260342062781657089;1764848549584568533;ridwanlzd;https://twitter.com/ridwanlzd/status/1764884145355067854
Tue Mar 05 05:22:03 +0000 2024;1764884054305026120;"Belajar dari P GANJAR,  Jangan berharap kepada orang yg pernah kita tolong atau bantu, dua kali P Ganjar berjuang untuk memenangkan Jokowi dlm pilpres di Jawa Tengah, tapi apa balasan Jokowi ketika P GANJAR kemarin maju sebagai CAPRES ?";0;0;0;0;in;1545694034806870017;1764884054305026120;SuhartoLaswi;https://twitter.com/SuhartoLaswi/status/1764884054305026120
Tue Mar 05 05:20:24 +0000 2024;1764883641220608165;"@miiu01795736 @Themarshallisme @hwztmf Iye iye, yang kompak kan cuma capres lu si prabowo. Kompak nyurangin rakyat ğŸ¤­";0;0;0;1;in;1480979233723666432;1764564467206246563;rin_yjg;https://twitter.com/rin_yjg/status/1764883641220608165
Tue Mar 05 05:19:04 +0000 2024;1764883304527106372;"@BuayaEmpang Pak @aniesbaswedan tidak usah jadi pejabat/capres, cawapres lagi lebih baik jadi pendidik/pengajar. Biarkan orang lain yg jadi pejabat/capres, cawapres. Kasih kesempatan untuk keluarga Ahok, keluarga SBY, keluarga Megawati dan keluarga Jokowi yang jadi pejabat/capres, cawapres.";0;0;0;0;in;1635864566839263232;1764446552968552920;_pagi_siang;https://twitter.com/_pagi_siang/status/1764883304527106372
Tue Mar 05 05:18:12 +0000 2024;1764883084837868029;"@Saham_fess Cicil avg down nder mayan ini ğŸ¤©";0;0;0;0;tr;1260342062781657089;1764843969564025039;ridwanlzd;https://twitter.com/ridwanlzd/status/1764883084837868029
Tue Mar 05 05:16:57 +0000 2024;1764882772236378203;"@convomfs Mending debat sama capres daripada debat sama pecandu rokok bebal";0;0;0;0;in;1213423121111191552;1764636361355935951;dirg_angk;https://twitter.com/dirg_angk/status/1764882772236378203
Tue Mar 05 05:14:11 +0000 2024;1764882078058123550;"@msaid_didu Trus kalau bukan wakil nya yg ganti, siapa lagi? Capek2 kampanye pemenangan capres/cawapres apa gunanya";0;0;0;0;in;1324932356814245889;1764791074818809907;FranTonga;https://twitter.com/FranTonga/status/1764882078058123550
Tue Mar 05 05:13:42 +0000 2024;1764881953797574849;"Banyak yg  udah JR ke MK bu....ditolak melulu....UUD'45 pasangan capres dan cawapres diusung partai atau gabungan partai....itu jelas....";0;0;0;0;in;1445302646261182464;1764881953797574849;RuswandaDani;https://twitter.com/RuswandaDani/status/1764881953797574849
Tue Mar 05 05:09:51 +0000 2024;1764880987090301199;"@Dennysiregar7 @KPU_ID @bawaslu_RI Hak angket Densi, hak angket ğŸ¤£ğŸ¤£ğŸ¤£... Tolong dituruti keinginan capres andalanmu @ganjarpranowo untuk menggulirkan hak angket... Jangan kau hilangkan issue hak angket dgn issue baru perolehan suara PSI, kasihan Ganjar... ğŸ¤­ğŸ¤­ğŸ¤­";0;1;0;0;in;714965442;1764877535672946826;ariefbudiawan7;https://twitter.com/ariefbudiawan7/status/1764880987090301199
Tue Mar 05 05:08:01 +0000 2024;1764880524122997235;"ğŸ‘‘HADIRILAH KING MAKER - OFFLINE ONLY Bersama : *1ï¸âƒ£ KH. Bachtiar Nasir* *2ï¸âƒ£ KH. Deden Makhyaruddin* *3ï¸âƒ£ Anies Baswedan (Capres 01)*  ğŸ“®Kamis, 7 Maret 2024 âŒš18.30 - 22.00 WIB ğŸ“ AQL ISLAMIC CENTER Jl. Tebet Utara 1 no 40  @aniesbubble https://t.co/sN5Ly9AYhe";0;0;0;0;in;48668832;1764880524122997235;tirta_mursalin;https://twitter.com/tirta_mursalin/status/1764880524122997235
Tue Mar 05 05:07:42 +0000 2024;1764880443231642024;"@daxrsyn @RudiIra23946346 @Donie707 @genx36545403 capres sampah wkwkwk";0;0;0;0;in;1211502429260304384;1764582010398593475;panitiaasbmptn;https://twitter.com/panitiaasbmptn/status/1764880443231642024
Tue Mar 05 05:06:02 +0000 2024;1764880024635928966;"@kurawa Maklum lah sekarang itu usaha bagaimana masih bisa dpt jatah dari capres yg menang.. siapa tahu bisa di tekan..";0;0;0;0;in;1144747703219281921;1764836309992980955;Otongodong2;https://twitter.com/Otongodong2/status/1764880024635928966
Tue Mar 05 05:05:24 +0000 2024;1764879865709576418;"@democrazymedia Program capres yg blm dipastikn menang kok diuji coba di pem. skrng..emangny dia siapa???.lgian mna bisa anggaran di kemendikbud dipotong buat kmntrian yg ga jelas...ğŸ¤”";0;0;0;0;in;1563956377478778880;1764878508948341149;Legislator75;https://twitter.com/Legislator75/status/1764879865709576418
Tue Mar 05 05:02:04 +0000 2024;1764879027876270445;"@Muslim_AntiPKI9 Kalau memang wajar , Nanti kalau anak keturunanny jadi penipu dan pembohon, Jangan mengeluh.";0;0;0;0;in;1730260903374008320;1764855543523586069;bulak10012992;https://twitter.com/bulak10012992/status/1764879027876270445
Tue Mar 05 05:01:47 +0000 2024;1764878953356107820;"@isyaaAllah @ShrlHiDyt1 @FahreziBadrun @diankrtn__ Hahaha semua org bisa ngaku2 golongannya pinter, tapi yg jelas pilihan capres sudah cukup menunjukan mana yg sebenarnya golongan pinter atau tidak ğŸ¤­";0;1;0;0;in;1463670651089207300;1764313212898672678;wayofwealth;https://twitter.com/wayofwealth/status/1764878953356107820
Tue Mar 05 05:01:25 +0000 2024;1764878862574563759;"jangan pernah jadi penyepong fanatik 1 titik. dari capres, kerjaan, investasi, dll. dunia ini muncul hal hal baru dan gaada yang tau besok gimana.";0;0;0;0;in;100204353;1764878862574563759;agi39;https://twitter.com/agi39/status/1764878862574563759
Tue Mar 05 05:00:03 +0000 2024;1764878520202019270;"@Zamghozy @catuaries Ada. Tppendukungnya kalo promosiin beliau malah diserang sama pendukung capres onoh, dikatain sok intelek";0;0;0;0;in;84869298;1764827740581306455;graciaia;https://twitter.com/graciaia/status/1764878520202019270
Tue Mar 05 04:59:29 +0000 2024;1764878378023424078;"Beliau adalah tokoh penting dlm Reformasi 98 di kala masa PAN,yakni runtuhnya politik orde Baru.&amp  skarang masih mjbt sbagai ketua namun di partai barunya   U M A T  Klo seorang prof Amin Rais kubu AMIN smpai jabat tangan erat capres prabowo itu hal yg wajar  "Gue juga pernah."ğŸ¤£ https://t.co/CnVQvd3qUo";0;0;0;0;in;1460820143399837701;1764878378023424078;anaknegri76;https://twitter.com/anaknegri76/status/1764878378023424078
Tue Mar 05 04:58:47 +0000 2024;1764878201615270067;"@NenkMonica @Gerindra @ganjarpranowo @KRMTRoySuryo @Gerindra @prabowo kalo gitu, lu jg ga usah jadi capres lha, fokus aja dg keahlian lu, menculik dan melanggar HAM ğŸ¤®ğŸ¤®ğŸ¤®";0;0;0;10;in;1629730692853796864;1764862586817036692;MarSol6606;https://twitter.com/MarSol6606/status/1764878201615270067
Tue Mar 05 04:57:58 +0000 2024;1764877994966049229;"@Rocky_Antonie @zy_zy_its_me Lagian, emang gak boleh capres nonton bokep ?  Ada aturannya ?  Jangan kau bilang moral, kalo calon lo bisa daftar krn sopan santun dan polos";0;0;0;0;in;1709410411689504768;1764665584753725736;wadah_ri;https://twitter.com/wadah_ri/status/1764877994966049229
Tue Mar 05 04:56:46 +0000 2024;1764877693626323353;"@txtdrpemerintah Ini gak ada yg heran, capresnya ajah belum di lantik, pengumuman resmi ajah belum kok yaa program nya udah ngebet amat mau dijalanin. Ini sebenernya program capres nya apa program siapasih?";0;0;0;0;in;72204124;1764811910334308458;LAnnisa23;https://twitter.com/LAnnisa23/status/1764877693626323353
Tue Mar 05 04:55:25 +0000 2024;1764877352209887453;"@99propaganda Mau ke Trembesi";0;0;0;0;in;1435248224634241030;1764826588359610749;capres_2024;https://twitter.com/capres_2024/status/1764877352209887453
Tue Mar 05 04:55:09 +0000 2024;1764877287567368383;"@FRHP16 @BMuqorobin @PartaiSocmed Lha bahas nya capres 01, malah nyrempet ke capres 03. Hehe";0;0;0;0;in;185472894;1764565903088521245;milkuenyar;https://twitter.com/milkuenyar/status/1764877287567368383
Tue Mar 05 04:54:52 +0000 2024;1764877214083141856;"@fortisfortuna_9 @KakekHalal @ganjarpranowo @PDI_Perjuangan Yg mendukung ganjar itu gerbong prananda. Kalau gerbong puan maunya adlh puan itu sendiri. Krn ganjar jd capres faktor prananda. Bu mega sendiri bingung ketika pensiun seksesornya siapa di PDIP antara ke duanya. Sedang mereka pandangannya beda. Puan pragmatis, prananda ideologis";0;0;0;0;in;556166241;1764310102323220533;Baim378;https://twitter.com/Baim378/status/1764877214083141856
Tue Mar 05 04:54:44 +0000 2024;1764877181682057478;"@zy_zy_its_me Bapak lu merangkap junjungan lu yg 2x NYUNGSEP Capres... Terculik";0;0;0;0;in;1574359582109208576;1764665584753725736;Cugak606060;https://twitter.com/Cugak606060/status/1764877181682057478
Tue Mar 05 04:54:11 +0000 2024;1764877043374969029;"@katarinaivy Kirain buzzer capres";0;1;0;0;en;1596044173597356033;1764694486737969604;Aominexoxo;https://twitter.com/Aominexoxo/status/1764877043374969029
Tue Mar 05 04:54:09 +0000 2024;1764877033497313293;"@Anggo____ ìš•ì‹¬ìŸì´ ã… ã… ";0;0;0;0;ko;1538455438605201410;1764875661649555558;103ACapres;https://twitter.com/103ACapres/status/1764877033497313293
Tue Mar 05 04:52:58 +0000 2024;1764876735395598490;"Kemenangan pasangan capres cawapres Prabowo Subianto-Gibran Rakabuming versi quick count membuat masyarakat berbondong-bondong menyarankan nama-nama politisi dan tokoh yang pantas untuk mengisi kabinet Prabowo-Gibran. . Salah satu nama yang kencang dibicarakan adalah Mahfud MD.â€¦ https://t.co/plpz6CLLnD";0;2;0;0;in;58880688;1764876735395598490;pikiran_rakyat;https://twitter.com/pikiran_rakyat/status/1764876735395598490
Tue Mar 05 04:52:27 +0000 2024;1764876608631115824;"@beomkookie_ @AndyHuskyyy @txtdrpemerintah Nah iya, kesejahteraan kaum anakÂ² itu bkn sekedar makanan, tp jg https://t.co/pFHo5k62jA grgr beda capres jd orangÂ² cuma milih antara makan dn pendidikan.Pdhl 22nya perlu.Bayangin aj kalo Indonesia mampu menyekolahkan semua anakÂ² di indonesia.Dan tiapÂ² sekolah punya kantin gratis";0;1;0;0;in;1544110721273044992;1764811910334308458;waardevolperson;https://twitter.com/waardevolperson/status/1764876608631115824
Tue Mar 05 04:52:10 +0000 2024;1764876535356666259;"@tvOneNews Bismillah.. 2029 bisa yuk bu @susipudjiastuti capres atau cawapres, sudah dapat 1 suara dari saya";0;0;0;1;in;2365496220;1764803822898344186;_GunSo;https://twitter.com/_GunSo/status/1764876535356666259
Tue Mar 05 04:50:57 +0000 2024;1764876227427574000;"@The_KingSalaman @268Densur @XIXKunciELXIX @Soraya__X @mamat_oking1 @capres_2024 @RPrima789 @KaredokLeunca__ ğŸ¤­";0;0;0;0;qme;611746697;1762504360414847340;Lux_Boy77;https://twitter.com/Lux_Boy77/status/1764876227427574000
Tue Mar 05 04:50:27 +0000 2024;1764876101384577142;"@ch_chotimah2 @KPU_ID @bawaslu_RI Nul minta ke capres mu untuk usul pilpres dan pileg ulang,nnt kita liat suara PDI P masih tinggi ngk???biar puas kalian";0;0;0;0;in;1410708029088010241;1764454471978139999;IsaccX1X;https://twitter.com/IsaccX1X/status/1764876101384577142
Tue Mar 05 04:49:51 +0000 2024;1764875953707302995;"@Anggo____ ì¢‹ì€ê±´ ê°™ì´ ë‚˜ëˆ ë´…ì‹œë‹¤";0;1;0;1;ko;1538455438605201410;1764875661649555558;103ACapres;https://twitter.com/103ACapres/status/1764875953707302995
Tue Mar 05 04:49:23 +0000 2024;1764875836094890101;"@Lian_2791 @emerson_yuntho ga ada cinta sama capres saya, mereka cuma simbol aja, cinta sama kebenaran";0;0;0;0;in;1102080977457696769;1764805060561875180;g4kta;https://twitter.com/g4kta/status/1764875836094890101
Tue Mar 05 04:49:19 +0000 2024;1764875816968843618;"@Chavesz08 heran udh menang masih aja ngurusin capres lain iri kah capres mu itu ga bisa berAGUMENTASI tapi cuman bisa modal joget koplo?";0;0;0;1;in;1737397022247059456;1764639383289041232;_aurete;https://twitter.com/_aurete/status/1764875816968843618
Tue Mar 05 04:48:37 +0000 2024;1764875640808091679;"@Zamghozy @catuaries Ada nder capres yg peduli kaum menengah. Mknya penddkan gratis. Dgn hrpan ortu cari uang utk mkn saja. Tp kytaan skrg byk sekolah byr spp  &amp  kuliah butuh ukt yg naik terus, kip byk yg tdk tpt sasaran &amp  kjmu byk yg mulai di (-) .  Ortu hrs cr uang utk ( cont.)";0;1;0;0;in;1484991506138431489;1764827740581306455;FSumarwoto;https://twitter.com/FSumarwoto/status/1764875640808091679
Tue Mar 05 04:47:04 +0000 2024;1764875249907351933;"@abu_waras Betul itu....tp bkn mundur dr kemenangan,tp mundur ancang" nendang dua capres yg kalah.tendang mpe nyungsep.biar kapok....capres gak jls aja mau maen" sm sy .gt";0;0;0;0;in;1461223883877466118;1764772025435062527;SarnoPratitis8;https://twitter.com/SarnoPratitis8/status/1764875249907351933
Tue Mar 05 04:46:10 +0000 2024;1764875023649816923;"@PetaniKopi01 Persetan copras capres, tpi ini enak banget sumpah dan emak gue jago banget masak ini";0;1;0;1;in;1697891355530522624;1764868975903846743;AnDk2411;https://twitter.com/AnDk2411/status/1764875023649816923
Tue Mar 05 04:44:39 +0000 2024;1764874643498991642;"@muhtauf09 @hnf1798114971 Iya Anies jg pasti punya rencana utk maju di Pilpres 2029 entah jd capres atau cawapres politik itu dinamis tp klo Anies gabung ke pemerintahan gw blacklist Anies dr Pemilu, gw block semua sosmednya. Anies harus rebranding ulang ky Prabowo udh rebranding dr 2019.";0;1;0;2;in;1335271827510214656;1764652837412499541;afcdevan;https://twitter.com/afcdevan/status/1764874643498991642
Tue Mar 05 04:44:10 +0000 2024;1764874523235774509;"@KompasTV Ntar dinaikin kalau udah penetapan pemenang capres, akal bulusnya udah ketebak :(";0;0;0;0;in;1603741926905167872;1764516160559816874;aritedjo3;https://twitter.com/aritedjo3/status/1764874523235774509
Tue Mar 05 04:42:21 +0000 2024;1764874063401636276;"@eripmav___ @SlevinSojiro @ViralHot5 @genx36545403 Lah giliran orang pada nyalahin anies politik identitas lo diem aja. Bawa-bawa 212, padahal capres 02 sendiri ikut andil dalam demonya. Tapi ya tetep aja anies doang yg disalahin kan?";0;0;0;0;in;1555198236830613506;1764582010398593475;Umbieum;https://twitter.com/Umbieum/status/1764874063401636276
Tue Mar 05 04:40:59 +0000 2024;1764873722358292985;"Wek wek bajer16% mental benconk pd halu sendiri, bikin cerita sendiri, edit2 poto sndiri, di ketawain sendiri ğŸ¤­  Ngaku2 dah meet up sm gue ğŸ˜‚   Silahkan lanjutkan ğŸ‘   Biar tambah kliatan gila nya gara2 capres nya kalah hahaha ğŸ˜‚ğŸ¤£";1;4;0;14;in;1604408934525464576;1764873722358292985;xquitavee;https://twitter.com/xquitavee/status/1764873722358292985
Tue Mar 05 04:40:25 +0000 2024;1764873579370590281;"Tinggalkan 01 + 03 yang masih sebatas ngerebut kekuasaan, cuma teriak2 curang cureng, cuma bisanya nyebar hoax, cuma ngamuk2, cuma hina2, cuma pamer sok tahu nya.. cuma pinter main kotoe, mukut kotor, provokasi ora uwes2. Yo capres nya, pendukung2nya, buzzer2nya.. ğŸ¤£ğŸ¤£ https://t.co/TuHnDWTMGs";1;0;1;3;in;1139453366080176128;1764873579370590281;SandjojoS;https://twitter.com/SandjojoS/status/1764873579370590281
Tue Mar 05 04:40:01 +0000 2024;1764873478463955251;"@tvOneNews Hak angket ituâ€¦ Namanya juga wacana Beda capres beda pula partai";0;0;0;0;in;1260193672248737795;1764864224092893504;suharto91327871;https://twitter.com/suharto91327871/status/1764873478463955251
Tue Mar 05 04:39:54 +0000 2024;1764873446977409102;"@BuayaEmpang Badut emang, bisa jadi capres yang ongkang-ongkang aja, malah buka diskusi sama masyarakat. Bisa jadi pemimpin yang korup dan memperkaya diri, malah pointing out kasus yang berpotensi korupsi, udah gitu disalahpahami lagi, emang badut tu orang.";0;0;0;0;in;4507195812;1764446552968552920;eggbitramen;https://twitter.com/eggbitramen/status/1764873446977409102
Tue Mar 05 04:39:08 +0000 2024;1764873255834570901;"@Heytheres___ @wepe20_ @ARSIPAJA NGEDABRUSğŸ¤£ Di Jepang kagak ada makan siang gratis kyk modelan capres gemoymuğŸ¤£ Itu sudah masuk undangÂ² pendidikan (Shokuiku Kinon hou) dan DIBEBANKAN per keluarga sebesar $40 hingga $60 per bulan.  Asal bunyi ajağŸ¤£ https://t.co/alsR6KnxRi";0;0;0;11;in;1563632255695613952;1764806975274262762;ggakenna;https://twitter.com/ggakenna/status/1764873255834570901
Tue Mar 05 04:39:00 +0000 2024;1764873220866670601;"@mardiasih Lha justru masyarakate tetep digawe bodo, ben salah milih capres";0;0;1;2;in;214263674;1764870133326155987;moechfahada;https://twitter.com/moechfahada/status/1764873220866670601
Tue Mar 05 04:38:01 +0000 2024;1764872975214592248;"Emg udah pada gila nih pendukung @aniesbaswedan bawa2 ayat alquran untuk mengafirmasi pemikiran kalian. Seolah-olah capres kalian sumber dari kebenaran dan kebaikan. Ini narasi jahat, Parah betul!!";0;0;1;2;in;732400678648221697;1764872975214592248;MTaufiq_NTB;https://twitter.com/MTaufiq_NTB/status/1764872975214592248
Tue Mar 05 04:35:19 +0000 2024;1764872293522755806;"Istilah ini kembali dibicarakan seusai capres nomor urut 3, Ganjar Pranowo, mendorong partai pengusungnya untuk mengusulkan hak angket di DPR terkait dugaan kecurangan pilpres 2024.";0;1;0;0;in;2295403266;1764872289773109384;GatraMediaGroup;https://twitter.com/GatraMediaGroup/status/1764872293522755806
Tue Mar 05 04:34:31 +0000 2024;1764872094645694547;"@mochapip @itsaretnel @yolotipe @lilyaquina @combatzknife @HaveAniesDay @olpproject @rymnleo capres gagal awokwowkowkw https://t.co/KLd2azGuJb";0;0;0;0;in;1518759733;1764254124357611696;ngabbros;https://twitter.com/ngabbros/status/1764872094645694547
Tue Mar 05 04:34:28 +0000 2024;1764872080376701105;"Wajar saja bingun dan mumet... Lha capres 01 aja gak kepikiran.";0;0;0;0;in;1677271358995316736;1764872080376701105;6666Pisang;https://twitter.com/6666Pisang/status/1764872080376701105
Tue Mar 05 04:34:26 +0000 2024;1764872073502249020;"@268Densur @The_KingSalaman @XIXKunciELXIX @Soraya__X @mamat_oking1 @capres_2024 @RPrima789 @KaredokLeunca__ Mmmm....20 rebuan mah gudmer sabungkus.. Aki mah jujur Weh... Ti caleg PDIP 50  Ti caleg Demokrat 100+ sembako  Di coblis Weh 22 Nana...da narere tea";0;0;0;0;in;611746697;1762504360414847340;Lux_Boy77;https://twitter.com/Lux_Boy77/status/1764872073502249020
Tue Mar 05 04:31:01 +0000 2024;1764871214517068193;"@jayacand @ekokuntadhi1 itu suara partai bukan individu,jadi bareng" kerjanya kalo capres individu jadi ya gabisa dibandingin,hasil jg masih dipantau kan blm selesai dan Kaesang juga bilang  sblm dia masuk itu masih 0,sekian skrng dia masuk dah naik ,ya semua emang butuh proses,bukan cuma bisa ngehinağŸ‘Œ";0;0;0;0;in;1550105259582029824;1764573030104350875;starucaman;https://twitter.com/starucaman/status/1764871214517068193
Tue Mar 05 04:29:33 +0000 2024;1764870845355430025;"@Lux_Boy77 @The_KingSalaman @XIXKunciELXIX @Soraya__X @mamat_oking1 @capres_2024 @RPrima789 @KaredokLeunca__ 20 rebuan,.... Moal mahi ki....";0;1;0;2;in;1261181548444839936;1762504360414847340;268Densur;https://twitter.com/268Densur/status/1764870845355430025
Tue Mar 05 04:29:19 +0000 2024;1764870783434936581;"@Naz_lira Tp waktu debat capres terahir, pembukaan dr beliau islami bgt dahğŸ˜ berbanding terbalik yachh";0;0;0;0;in;1091160370511732736;1764799604355432642;hepikak;https://twitter.com/hepikak/status/1764870783434936581
Tue Mar 05 04:28:28 +0000 2024;1764870572255981808;"@catuaries Kaum yg kegencet ini siapa yg peduli sih?? Capres cawapres kmrn, emang ada yg peduli ama kaum menengah?";0;5;0;0;in;101590728;1764827740581306455;Zamghozy;https://twitter.com/Zamghozy/status/1764870572255981808
Tue Mar 05 04:28:10 +0000 2024;1764870494887834002;"@kurawa @kurawa itu, siapasaja akan diserang dg merendahkan. Politisi, walikota, gubernur, menteri , capres cawapres, waprrs beneran, pres beneran, ketua partai, cendekiawan, orang2 tua, dll, disikat!  Kta jadi heran, apa @kurawa ini merasa sbg orang paling jago?";0;0;0;0;in;100451615;1764843092350472376;rpton;https://twitter.com/rpton/status/1764870494887834002
Tue Mar 05 04:27:28 +0000 2024;1764870319544914407;"@soxoson @kumparan Yg salah bukan capres nya karena mereka sedang jualan. Tp jualannya ga terbuka di awal. Yang salah adalah yang udah memilihnya. Heran milih presiden atas dasar kasian. Kasihanilah nasib diri sendiri. Kecuali kl kalian udah di kategori kaya.";0;0;0;0;in;1580421737002733568;1764240707630383224;GusniwatiRini;https://twitter.com/GusniwatiRini/status/1764870319544914407
Tue Mar 05 04:26:44 +0000 2024;1764870133326155987;"harga cetak buku naik ugal-ugalan iki piye @. capres anyar  diwenehi mangan, lawuhe dibungkus, tapi ora usah dipinterke ğŸ«¶";0;3;20;104;in;164627338;1764870133326155987;mardiasih;https://twitter.com/mardiasih/status/1764870133326155987
Tue Mar 05 04:26:33 +0000 2024;1764870089537646622;"@tvOneNews ada sebagian manusia yg membenci saudara, teman dan keluarganya gara-gara mendukung politisi, capres cagub berlebihhan. sementara di tingkat ketua-ketua partai dengan mudahnya belok kanan belok kiri, cipika dan cipiki. mereka yg makan nangka kita yg kecemplung getahnya.";0;0;0;0;in;3014548442;1764864224092893504;changkaligus;https://twitter.com/changkaligus/status/1764870089537646622
Tue Mar 05 04:25:14 +0000 2024;1764869756929347826;"Capres LowBat nyungsep kedalam jurang lumpur di Semua Provinsi ğŸ‡²ğŸ‡¨âœŒï¸";0;0;0;0;in;988127832239882240;1764869756929347826;iBon_65;https://twitter.com/iBon_65/status/1764869756929347826
Tue Mar 05 04:24:31 +0000 2024;1764869577677390103;"Jagat media sosial dihebohkan dengan video diduga Amies Rais sedang mendatangi Calon Presiden (Capres) nomor urut 2, Prabowo Subianto yang sedang berjalan.  #AmienRais #Salaman #PrabowoSubianto #CalonPresiden #HotelBidakara #Viral #Politik #Pemilu2024 #PrabowoGibran https://t.co/7VgeHkuxhe";0;0;0;0;in;998801336601788417;1764869577677390103;finindonesia;https://twitter.com/finindonesia/status/1764869577677390103
Tue Mar 05 04:24:09 +0000 2024;1764869485830508804;"kenapa kayak kampanye capres";0;0;0;0;in;1647285392;1764869485830508804;peachyslen;https://twitter.com/peachyslen/status/1764869485830508804
Tue Mar 05 04:24:06 +0000 2024;1764869473872535863;"@zy_zy_its_me Gw benerin ya teh,  SamaÂ² mantan gubernur, samaÂ² mantan capres,  Yang satu tercerdas  yang satu terloyal ğŸ¤­ https://t.co/TwH488Fm80";0;1;1;10;in;1335271827510214656;1764665584753725736;afcdevan;https://twitter.com/afcdevan/status/1764869473872535863
Tue Mar 05 04:23:06 +0000 2024;1764869222411428123;"@The_KingSalaman @268Densur @XIXKunciELXIX @Soraya__X @mamat_oking1 @capres_2024 @RPrima789 @KaredokLeunca__ Sok muka kartu wae... Kamari amplop kurang kitu ? Pan katambahan ti caleg";0;3;0;2;in;611746697;1762504360414847340;Lux_Boy77;https://twitter.com/Lux_Boy77/status/1764869222411428123
Tue Mar 05 04:22:51 +0000 2024;1764869157223534895;"@Siantar72 @feroferraferri @OmpungGuru Untuk pemilu kedepannya tak usah pemilu langsung ..cukup pilih parpol..biar parpol yg cari cawapres nya dgn koalisi yg menyusul tapi tiap partai menjagokan capres ..";0;0;0;2;in;1432334199625641984;1764843599609593890;ocukam;https://twitter.com/ocukam/status/1764869157223534895
Tue Mar 05 04:21:04 +0000 2024;1764868710060400764;"@vonnycornellya_ Program jelek, siapapun yg mencoba nyebokin tetep aja jelek.   Saya lebih kecewa dulu capres lain gak mengulik lebih jauh tetang program jelek ini.  Padahal banyak banget celah buat dibungkam didepan publik.";0;0;0;0;in;1686024170751090688;1764621507328954610;Babibijibiru;https://twitter.com/Babibijibiru/status/1764868710060400764
Tue Mar 05 04:18:26 +0000 2024;1764868047486304539;"This!  Sama tengilnya dgn adc nya Capres ğŸ«¢";0;0;0;0;in;177985770;1764868047486304539;xboripx;https://twitter.com/xboripx/status/1764868047486304539
Tue Mar 05 04:16:43 +0000 2024;1764867616076955784;"@ythftr_ Udah di kasih capres-cawapres yang pendidikan gratis malahan milih makan siang gratis";0;0;0;0;in;1611012567111200768;1764629978065621284;Pejuankrupiah98;https://twitter.com/Pejuankrupiah98/status/1764867616076955784
Tue Mar 05 04:16:31 +0000 2024;1764867563404886050;"@tvOneNews semoga bisa sholat teraweh bareng dengan capres/cawapres di masjid biar bisa masuk medsos buzzernya, gasssssğŸ¤£ğŸ¤£ğŸ¤£";0;0;0;0;in;1674205419710066690;1764864250575782381;viebtm2000;https://twitter.com/viebtm2000/status/1764867563404886050
Tue Mar 05 04:14:20 +0000 2024;1764867015817527468;"@Elizena02 @Bull_winner Kenapa ya orang ada yang milih capres dengan track record buruk? Banyak proyek yang mangkrak loh ğŸ«¢";0;1;0;0;in;1595272820803928064;1764814011957485956;Godzilla8B_;https://twitter.com/Godzilla8B_/status/1764867015817527468
Tue Mar 05 04:09:45 +0000 2024;1764865862614593864;"@igharrrrr @diankrtn__ Lah lu aja gk ad data trus knp lu lbih merasa lebih banyak yg beriman? Tpi fakta bicara 58% rakyat indo milih capres yg melanggar konstitusi, langgar aturan KPU, nepotisme, trus lu mau bilang klo 58% itu org2 yg beriman?, otak msih ad kah?";0;1;0;0;in;1625751933205229569;1764313212898672678;Hant_Sparrow;https://twitter.com/Hant_Sparrow/status/1764865862614593864
Tue Mar 05 04:08:31 +0000 2024;1764865550227059015;"Mau heran kenapa capres terpilih tp serba bingung dan ga punya pendirian, tapi kan ini cowo libra jd yaâ€¦.yaudahâ€¦ ğŸ˜­ğŸ™ğŸ»";0;1;0;0;in;69198645;1764865550227059015;andinamitaa;https://twitter.com/andinamitaa/status/1764865550227059015
Tue Mar 05 04:05:57 +0000 2024;1764864904111272405;"Narasi Basi , Kalah ya Kalah Aja CAPRES mu enggak bawa2 Narasi , ini , ini keturunan dll kalau mau Jujur dia lEbih Berjasa Kepada Negara Dari pada KAMU !!! kamu Cuma Sampah doank";0;0;0;0;in;1444939615387860993;1764864904111272405;matanya_bintang;https://twitter.com/matanya_bintang/status/1764864904111272405
Tue Mar 05 04:05:56 +0000 2024;1764864900210594056;"@toe_giman klo mo tanya sy, tanya tentang PSI atau hasil capres 02, itu sy ngerti! wong hasil cawe2 sy...!";0;1;0;0;in;1676864371987996672;1764853249151283676;yahyaasyar42633;https://twitter.com/yahyaasyar42633/status/1764864900210594056
Tue Mar 05 04:04:21 +0000 2024;1764864501613248556;"@g4kta @emerson_yuntho Sama kecintaan elu sama capres elu jg membuat elu BODOH juga kan ğŸ˜ğŸ˜";0;1;0;0;in;460938992;1764805060561875180;Lian_2791;https://twitter.com/Lian_2791/status/1764864501613248556
Tue Mar 05 04:04:08 +0000 2024;1764864445749281174;"@BaksoPentol678 @icharis @aniesbaswedan Intinya ya rakyat pemilih udah pada cerdas. Buktinya 75%an OGAH milih @aniesbaswedan  Ngapain capres #GAKBECUSKERJA kok dipilih ğŸ¥± https://t.co/uamBMtllxR";0;1;3;0;in;1745954933638311936;1762012885562409007;Memorysonk2024;https://twitter.com/Memorysonk2024/status/1764864445749281174
Tue Mar 05 04:03:04 +0000 2024;1764864177464562083;"El pueblo le ha dado una enorme lecciÃ³n de humildad al inquilino de CAPRES, ya no tiene excusas, el pueblo salvadoreÃ±o no es ningÃºn pendejo, asÃ­ como da la gloria tambiÃ©n les da medicina amarga   Pensa bien, tenes 5 aÃ±os para hacer lo que de verdad importa y no tus caprichos ğŸ¦­ğŸ¤¡ https://t.co/zUdCHKFzXp";0;0;0;0;es;1720957053684916225;1764864177464562083;ElMaloDeMisa10;https://twitter.com/ElMaloDeMisa10/status/1764864177464562083
Tue Mar 05 04:02:41 +0000 2024;1764864083604689391;"@KakekHalal Kalo aku tetap punya harapan ganjar menjadi presiden kita, karena di 3 capres hanya ganjar yang mampu membangun Indonesia karena kemampuan sangat tinggi dan pro rakyat";0;0;0;0;in;1220597931180318721;1764310102323220533;mutiara1277;https://twitter.com/mutiara1277/status/1764864083604689391
Tue Mar 05 04:02:34 +0000 2024;1764864051807711595;"@wadah_ri @zy_zy_its_me Goblok loe drun. Capres loe suka nonton bokep loe cebokin terus. Kalau gue nonton bokep, gue bukan capres. Gue cuma rakyat biasa. Dongok loe.";0;2;0;0;in;1696507442035933185;1764665584753725736;Rocky_Antonie;https://twitter.com/Rocky_Antonie/status/1764864051807711595
Tue Mar 05 04:01:54 +0000 2024;1764863884127822123;"@democrazymedia pantess banjirr lagiii wkwkwk.. jelas2 ngurangin air hujan malah ditutup.. gobloknya udah nggak ketaker ini mahh.. copot kepala PU nya jkt ğŸ”¥ğŸ”¥";0;0;1;1;in;1323221888982687744;1764662079397794302;tukangsetrum_;https://twitter.com/tukangsetrum_/status/1764863884127822123
Tue Mar 05 04:01:19 +0000 2024;1764863739235643592;"@convomfs Tips menang capres 2029: "Kami akan berikan rokok gratis"";0;0;0;0;in;1524651108366712832;1764636361355935951;FAde037;https://twitter.com/FAde037/status/1764863739235643592
Tue Mar 05 04:00:16 +0000 2024;1764863474503733449;"Berharap apa sama capres yang bahkan gk pernah datang ke forum2 diskusi buat ngejabarin programnya?";0;0;0;0;in;1523449920044249088;1764863474503733449;rozin_salman;https://twitter.com/rozin_salman/status/1764863474503733449
Tue Mar 05 04:00:13 +0000 2024;1764863462759620624;"70. omm host @mnctrijaya @bluefadly  ngomong kok mik dimatiin! Gak etis! Kyk debat capres ! Mik @aniesbaswedan dimatiin!' Dlm hati gue ' Halo om host  FS ! Coba cek2 lg ! Knp mik-nya mati wkt itu!  ' Heran! Kalo urusan ANIES host pd LEMAH lobat!|@enweka @LatiefSiregar @doddyjete";0;0;0;0;in;218477659;1764863462759620624;intanalyze;https://twitter.com/intanalyze/status/1764863462759620624
Tue Mar 05 03:57:42 +0000 2024;1764862830413754737;"Buat temen2 yang lagi belajar atau sering bekerja sama #Excel yuk gabung ke group Telegram  . . tinggal klik ğŸ‘‡ğŸ½ . . https://t.co/LlkBlADwiX";0;0;0;0;in;1323221888982687744;1764862830413754737;tukangsetrum_;https://twitter.com/tukangsetrum_/status/1764862830413754737
Tue Mar 05 03:56:19 +0000 2024;1764862479287620017;"@BangRohmanJ @OposisiCerdas Masalahnya yg bikin undang" juga partai pengusung capres.  Mau percaya ato tidak itu cuma asumsi.   mengapa mereka bikin undang" sampai bisa diakali sedemikian rupa?. https://t.co/fj168Bamaw";0;0;0;1;in;1680940130406895616;1764641675891351887;tora80614748823;https://twitter.com/tora80614748823/status/1764862479287620017
Tue Mar 05 03:53:35 +0000 2024;1764861790872367515;"@hellfiend833103 @islah_bahrawi @prabowo @gibran_tweet Yang dibicarakan A,  lu jawab Z ga nyambung. Yg dibicarakan soa laporan pencemaran,  lha dijawab persentase Capres.  ğŸ˜‚ğŸ˜‚ğŸ˜‚ğŸ˜‚";0;0;0;0;in;1513150082140745730;1764558825439605203;HeryIdris5;https://twitter.com/HeryIdris5/status/1764861790872367515
Tue Mar 05 03:50:50 +0000 2024;1764861101400023109;"@dianto_rusdian @beeeemooooo @catuaries iyaa maksudnya semuanya dipajakin.. dapet gaji hasil jerih payah dipajakin, mau investasi dipajakin, uang hasil investasinya dibelanjain dipajakin lagi  makanya kemarin pas debat capres ada bbrp paslon yg programnya menghapus pph untuk dukung kelas menengah";0;0;0;2;in;194566600;1764827740581306455;F_Kristiant;https://twitter.com/F_Kristiant/status/1764861101400023109
Tue Mar 05 03:49:19 +0000 2024;1764860719252856987;"@anasurbaningrum Ya sama aja dg capres mas... 42% suara tdk pilih capres prabowo-gibran. Kira2 yg pas dijadkn apa suara ini? Kan PT itu u caleg.. ya lalu apa bedanya, wakil sy di ekstif dan di lgisltif... itulah tafsir sila ke 4 belum berwujud di NKRi";0;0;0;1;in;990876841312309249;1764846427719815534;hamdan_joko;https://twitter.com/hamdan_joko/status/1764860719252856987
Tue Mar 05 03:48:49 +0000 2024;1764860591993491565;"@SungJinwo06 @dwinnura @txtdrpemerintah Program makan siang gratis itu kan ada di visi misi 02 bahkan disebut terus pas debat capres sebat program unggulan.  Kalo BBM gratis itu ada di visi misi 01 bagian mana? Serius nanya soalnya gak ketemu";0;0;0;1;in;261465373;1764811910334308458;Apriyogi304069;https://twitter.com/Apriyogi304069/status/1764860591993491565
Tue Mar 05 03:48:06 +0000 2024;1764860411617181978;"@DrTORL @easegura @Jairomartinez87 Les ganaron la moral con el Fraude del 4F muchos dijeron que para que ir a votar, si ya habÃ­an decidido el TSE y Capres.  Y conociendo el comportamiento del electorado era predecible que la mayorÃ­a se abstendrÃ¡ de votar.  Otro factor era que no habÃ­an candidatos potables por 1/1";0;0;0;1;es;1400574624316940288;1764813360065904748;FlorYBett42;https://twitter.com/FlorYBett42/status/1764860411617181978
Tue Mar 05 03:46:05 +0000 2024;1764859905306169735;"@VIVAcoid Di bayar pakai uang rakyat obsan absen rugi dong";0;0;0;0;in;1211328821808398337;1764851845305119128;Ari67724727;https://twitter.com/Ari67724727/status/1764859905306169735
Tue Mar 05 03:46:03 +0000 2024;1764859897148314086;"@OposisiCerdas Paling ngotot mendukung paslon gemoy padahal dirinya masih aktif sbg menteri tak tahunya dia menyimpan kasus besar ,trend jaman demokrasi  beras 5 kilo,pejabat bermasalah berebut posisi pada capres yg bermasalah  mereka ramai2 membentuk satu koloni";0;0;0;0;in;1509940687793721346;1764619954232656023;WongMbeling5;https://twitter.com/WongMbeling5/status/1764859897148314086
Tue Mar 05 03:45:47 +0000 2024;1764859828130951356;"Duhh puas banget liatnya â˜ºï¸ğŸ™ğŸ½";0;0;0;0;in;1323221888982687744;1764859828130951356;tukangsetrum_;https://twitter.com/tukangsetrum_/status/1764859828130951356
Tue Mar 05 03:41:49 +0000 2024;1764858832411644170;"@Kimberley_PS08 Panik lu ya nyet ??  Diskualifikasi capres curang !!  #dukungHakAngket";0;0;0;0;in;1183152720342962176;1764529010850267278;RomyLestari;https://twitter.com/RomyLestari/status/1764858832411644170
Tue Mar 05 03:37:52 +0000 2024;1764857835555582016;"wkwkwkk bingung ya pak mau lanjutin kerjaan apa wong dia ga pernah kerjağŸ˜‚ udh gabisa retorika gabisa kerja pulağŸ˜‚ kaya gini pendukungnya pada buta malah ngatain capres lain omon omon";0;0;0;0;in;1179592762812846080;1764857835555582016;C_rubyjane;https://twitter.com/C_rubyjane/status/1764857835555582016
Tue Mar 05 03:36:18 +0000 2024;1764857443757302139;"@susipudjiastuti @wepe20_ Karena partainya galolos dan capres yang diusung udah menang.";0;0;0;0;in;1645865515582357506;1764806863605092378;malfydhh;https://twitter.com/malfydhh/status/1764857443757302139
Tue Mar 05 03:30:36 +0000 2024;1764856006574531020;"Ketua Umum Gerindra sekaligus capres 02 Prabowo Subianto mengatakan, dirinya sudah melakukan uji coba terhadap program makan siang gratis untuk anak-anak sekolah. #pemilupedia #newsupdate #update #news #quote https://t.co/Y26x1zcLDA https://t.co/ue6PzfnTap";8;21;6;26;in;759692754985242625;1764856006574531020;kumparan;https://twitter.com/kumparan/status/1764856006574531020
Tue Mar 05 03:29:04 +0000 2024;1764855623378985223;"@NyaiSaripah5 Titiek Soeharto adalah capres Gerindra di thn 2029 kalo Wowo udah ga kuat karena umur, pake cara pilpres 2024 auto menangğŸ¤­";0;0;0;0;in;1397211081127260160;1764835526417264979;IjoelSi;https://twitter.com/IjoelSi/status/1764855623378985223
Tue Mar 05 03:28:22 +0000 2024;1764855448019358126;"@Berty69968038 Capres atau mantan capres.. yg Penting tebal kuping.. mata micek Wis aman.. hehehe..";0;1;0;1;in;722413726230384640;1764834961184682194;Gunawan75_;https://twitter.com/Gunawan75_/status/1764855448019358126
Tue Mar 05 03:25:35 +0000 2024;1764854747540906064;"@saidiman @AgusSaptono Tapi capres 01 @aniesbaswedan , yang didukung oleh JK, heran dengan fakta itu, mungkin karena lupa minum obat. https://t.co/Pc5388KmUR";0;1;3;10;in;36325638;1764851059766579295;Sentjoko;https://twitter.com/Sentjoko/status/1764854747540906064
Tue Mar 05 03:25:04 +0000 2024;1764854617551098179;"El palabrero oficial de Capres ğŸ‘‡";0;0;0;0;es;1345530056823738370;1764854617551098179;elmerze76176614;https://twitter.com/elmerze76176614/status/1764854617551098179
Tue Mar 05 03:24:39 +0000 2024;1764854509845516531;"@marioduran El man de los palitroques. El palabrero oficial de Capres junto a Carlos MarroquÃ­n.";0;0;0;0;es;1345530056823738370;1764798068644332019;elmerze76176614;https://twitter.com/elmerze76176614/status/1764854509845516531
Tue Mar 05 03:24:21 +0000 2024;1764854434721652881;"@WGreborn @Tendy_KeyBass Di Daerah sy dihimbau untuk memenangkan Caleg Golkar di Pusat, dan Gerindra di Kabupaten, minimal 50 suara/TPS, tanpa ada imbalan apapun, andaipun dapat imbalan, karena bukan Parpol pendukung Capres pilihan saya, akan saya tolak, ini bukan isu isapan jempol, tp real di lapangan.";0;0;0;0;in;1634448319111114753;1764507149408129254;PutraPe24992947;https://twitter.com/PutraPe24992947/status/1764854434721652881
Tue Mar 05 03:22:15 +0000 2024;1764853908009353643;"@S4N_W1B1 Ini sebagai contoh kecil tim kalian,Tuduhlah terus ingat rakyat juga tau dalang kalian siapa ,mau banteng atau 01 ingat,jgn bawa-bawa rakyat dalam orasi kalian,demo bukan untuk kebenaran tapi untung kepentingan capres anda yg gagal jadi stop atas nama rakyatğŸ˜ https://t.co/EZAu2KLbUv";0;0;0;1;in;1489090300513779713;1764607228185899498;YeenDanny;https://twitter.com/YeenDanny/status/1764853908009353643
Tue Mar 05 03:18:58 +0000 2024;1764853081697878363;"@blookier @handsaniteezer @tanyarlfes Wkwk dicebokin udah kayak capres blunder";0;0;0;0;in;1273507376100827136;1763545192626573611;mengbappe;https://twitter.com/mengbappe/status/1764853081697878363
Tue Mar 05 03:16:49 +0000 2024;1764852540733366480;"ni capres punya program lain yg lebih bagus yg lebih masuk akal gak si?";0;0;0;0;in;1616027941737213952;1764852540733366480;rrcakue;https://twitter.com/rrcakue/status/1764852540733366480
Tue Mar 05 03:15:57 +0000 2024;1764852319643218277;"@Dahnilanzar @aniesbaswedan Mantan capres, sekarang jadi jubir koalisi... Bisa aja dia cari peluang...";0;0;0;0;in;1544657716962291712;1764573770642268497;MaxMan007_;https://twitter.com/MaxMan007_/status/1764852319643218277
Tue Mar 05 03:12:02 +0000 2024;1764851335374205186;"@Miduk17 sampean yg BEGO ... Ganjar jadi capres kadrun kok minta didukung   5 tahun lagi jika PDIP juga terbukti jadi Partai Kadrun maka akan ditinggalkan spt Ganjar https://t.co/OOAebXQQdP";0;0;0;0;in;1478926480709013510;1764832698324140209;LaskarUstadSI;https://twitter.com/LaskarUstadSI/status/1764851335374205186
Tue Mar 05 03:11:34 +0000 2024;1764851219183673464;"@susipudjiastuti Nti kalau capres  ada 100 org, Bpk Fahri cobain jadi KPPS.";0;0;0;0;in;1092318719827537921;1764806863605092378;Antonsu53878179;https://twitter.com/Antonsu53878179/status/1764851219183673464
Tue Mar 05 03:11:30 +0000 2024;1764851200305099049;"Gratisan yang "dipromoin" capres-capres junjungan lo pada 01, 02, 03 kalau ujung-ujungnya pake dana program lain mah bukan gratis. Di UU aja tertulis fakir miskin dipelihara negara. Kalau mau gratisan &amp  serba tunjangan ya pajak gede tapi korupsi 0. Lah ini korupsinya gak 0.";0;1;0;0;in;864431252;1764848289076391998;davidd_txt;https://twitter.com/davidd_txt/status/1764851200305099049
Tue Mar 05 03:11:23 +0000 2024;1764851170764558384;"@souprates_ @SungJinwo06 @dwinnura @txtdrpemerintah mana mau dia, capres dia kok yg ngelakuin jd hrus dibela ğŸ¤­";0;1;0;0;in;1509139046454337537;1764811910334308458;ziyyaze;https://twitter.com/ziyyaze/status/1764851170764558384
Tue Mar 05 03:11:15 +0000 2024;1764851138556473690;"@CikguWin_007 Saya bantu Kak, apa maksudnya ambang batas usia capres/cawapres?";0;1;0;0;in;75743668;1764823331164102940;tunnov;https://twitter.com/tunnov/status/1764851138556473690
Tue Mar 05 03:09:59 +0000 2024;1764850818673758527;"@erwinoegraha Lha justru karena saya menggunakan logika, pada saat dibilang Capres 03 ada prestasinya di YouTube lihat saja (katanya). Untuk menghentikan pembodohan publik, saya posting prestasi-prestasi Pak Prabowo yg disebut anda-anda, Capres tak berprestasi. Makanya jgn ketinggalan info ğŸ¤­";0;1;0;0;in;2556873745;1764485919925571768;ImaginarySteady;https://twitter.com/ImaginarySteady/status/1764850818673758527
Tue Mar 05 03:09:26 +0000 2024;1764850680421114303;"@adoer_psrahad @msaid_didu Hehe, itulah kenapa seharusy Jika keluarga presiden maju pilkada, atay jd capres/ cawapres harus mundur dahulu jbtnya. Intervensi itu dilakukan dg melalui anak buahnya.";0;0;0;0;in;1249973860675358720;1764776391705288998;DataPrint9;https://twitter.com/DataPrint9/status/1764850680421114303
Tue Mar 05 03:09:17 +0000 2024;1764850645918753016;"@anasurbaningrum Kalau Abang batas Parlemen nihil. PT juga hrs di nolkan, ini mau tak mau. Bayangkan berapa jumlah capres, berapa jumlah Partai yg ikut Pemilu? Kalau rasanya tak adil Ambang batas Parlemen 7-10%, PT 0% utk penyederhanaan Pemilu. Kita balik saja Presiden dipilih MPR.";1;1;0;1;in;213168371;1764846427719815534;AH_SiregarXIX;https://twitter.com/AH_SiregarXIX/status/1764850645918753016
Tue Mar 05 03:08:28 +0000 2024;1764850438338392565;"Ini program kan memang jelek emosi gw tiap baca statement dari capres ini dan anteknya2";0;0;1;0;in;1188705474843009025;1764850438338392565;tanniestarr;https://twitter.com/tanniestarr/status/1764850438338392565
Tue Mar 05 03:06:53 +0000 2024;1764850042001818097;"@Kimberley_PS08 @SmokesOnMyHead Masifkan bansos, kepala desa ditekan agar warga desa pilih capres tertentu, cawapres hasil akal2an, presiden yg memihak ini strategi yg mantap mmg";0;0;0;0;in;1186146996744122368;1764529010850267278;Chalid76835244;https://twitter.com/Chalid76835244/status/1764850042001818097
Tue Mar 05 03:06:10 +0000 2024;1764849860363350192;"Trus kata @NdrewsTjan Indonesia baik2 saja.. Agak lain emang otaknya..hidup cuma perkara menang-kalah pemilu..urusan dukung mendukung capres sampe bikin nurani mati tuh ternyata emang ada ya? SAKIIIITTTT!  https://t.co/iXym41sgKy";0;0;0;0;in;438846108;1764842168253129005;setionoegraha;https://twitter.com/setionoegraha/status/1764849860363350192
Tue Mar 05 03:03:06 +0000 2024;1764849088586223959;"Abis cek TL, ternyata simpatisan capres kalah, framingnya kek gini, dia pura2 bego apa ya tax to grp ratio kita tu salah satu terendah dunia?";0;2;0;1;in;1118760380723941377;1764849088586223959;sancinnabon;https://twitter.com/sancinnabon/status/1764849088586223959
Tue Mar 05 03:02:47 +0000 2024;1764849009087393905;"Emng yakin klo capres lu menang bakal bner2 nerapin seluruh programnya? Dg rekam jejak yg bnyk cacatnya, kmungkinan juga sama, omdo";0;0;0;0;in;1746531028091711488;1764849009087393905;Rnasfa1324;https://twitter.com/Rnasfa1324/status/1764849009087393905
Tue Mar 05 03:02:37 +0000 2024;1764848964938154243;"emang kaga ada yg bener ni paslon, kek mau capres or cawapresnya both dont understand at all about these paid jokian visi misi or projects https://t.co/XQXT3DcjTN";0;0;0;6;in;1087032973793193984;1764848964938154243;razourink;https://twitter.com/razourink/status/1764848964938154243
Tue Mar 05 03:00:39 +0000 2024;1764848471427695058;"@patriota_filMat @FredckBenitez Dentro de poco ya no habran votaciones para alcaldes, seran nombrados desde CAPRES";0;0;0;0;es;4076388194;1764674116366278705;DonadoramosR;https://twitter.com/DonadoramosR/status/1764848471427695058
Tue Mar 05 02:58:40 +0000 2024;1764847973329248681;"@susipudjiastuti maklum, dia mau ke senayan dan jdi capres 2050";0;0;0;0;in;1562357898855952385;1764806863605092378;ai_kholis;https://twitter.com/ai_kholis/status/1764847973329248681
Tue Mar 05 02:57:43 +0000 2024;1764847733578535170;"@kafir_introvert lu pada pinya kesempatan capres yang mau hapusin pajak penghasilan tapi malah milih makan gratis ğŸ˜­";0;0;0;0;in;1588811537979801600;1764668740988530891;attractedtoyouu;https://twitter.com/attractedtoyouu/status/1764847733578535170
Tue Mar 05 02:56:52 +0000 2024;1764847520188956910;"@NoviBudi78 @aniesbaswedan Iya Anies cm capres gagal jd ngapain digibahin mulu. Gak ada kerjaan lain, atau kalimat lain selain omongin Anies. Aneh ya";0;0;0;0;in;1475380640245714946;1764661795393007694;baiqmarfuatun22;https://twitter.com/baiqmarfuatun22/status/1764847520188956910
Tue Mar 05 02:56:20 +0000 2024;1764847385619177769;"Buzer diperpanjang kontrak oleh Capres yang kalah.  Mrk pikir X bisa merubah 16% jadi 60%. ğŸ¤£ğŸ¤£ğŸ¤£ https://t.co/BPbYsNnigF";1;0;1;1;in;4319618606;1764847385619177769;Dulure_Gibran;https://twitter.com/Dulure_Gibran/status/1764847385619177769
Tue Mar 05 02:56:14 +0000 2024;1764847360084222290;"@capres_2024 mengapa ada kesan kejaksaan melindungi oknum koruptor?  @puanmaharani_ri";0;0;0;0;in;68744564;1764809725479362937;johnguntoro;https://twitter.com/johnguntoro/status/1764847360084222290
Tue Mar 05 02:55:54 +0000 2024;1764847274495205823;"@SungJinwo06 @dwinnura @txtdrpemerintah Saya gak support siapaÂ², yg punya kekuasaan punya Tuhan apa gak bukan urusan saya. Pendukung semua capres emang minta dislepet, tengkar mulu ama sodara sendiri.";0;0;0;1;in;1380141809263779841;1764811910334308458;mistaeribox;https://twitter.com/mistaeribox/status/1764847274495205823
Tue Mar 05 02:54:04 +0000 2024;1764846813906096418;"@prabowo memang AHLInya Pertahanan RI..makanya aneh ada yg SOTOY soal Pertahanan di debat Capres itu..Malah bisa ngasih angka kinerjanya lagi..Luar Biasa";0;0;0;0;in;959232692133875712;1764846813906096418;MIrvanDarwin1;https://twitter.com/MIrvanDarwin1/status/1764846813906096418
Tue Mar 05 02:53:58 +0000 2024;1764846790145347595;"@muharidha @Locati0ns harusnya gunain electoral vote spt di amrik pas Pilpres bwt nentuin siapa capres yg menang.  Kalau dengan sistem sekarang, siapa  megang jateng, jatim dan jabar otomatis memenangkan total perolehan suara.  Ini berpotensi hanyamenguntungkan paslon yg cuma ngandelin populer doang";0;1;0;0;in;1613110647033827328;1764670876925264016;sagi_iman;https://twitter.com/sagi_iman/status/1764846790145347595
Tue Mar 05 02:53:18 +0000 2024;1764846623136629245;"Disini malah ada paslon capres yg mau normalisasi dan kerjasama dibidang militer";0;0;0;0;in;1137184862115287040;1764846623136629245;SyarifAlkadrie3;https://twitter.com/SyarifAlkadrie3/status/1764846623136629245
Tue Mar 05 02:52:14 +0000 2024;1764846352364896546;"Ngomong kalau ga dipikir ya ngene.  Capres ada 3. Berarti semua Capres curang dong. https://t.co/BC4pWyOOPl";0;0;0;0;in;4319618606;1764846352364896546;Dulure_Gibran;https://twitter.com/Dulure_Gibran/status/1764846352364896546
Tue Mar 05 02:49:43 +0000 2024;1764845718328787136;"@saidiman Itu kira2 pendukung capres mn Bng? Wkwk";0;0;0;0;in;450438170;1764539057139593436;Raka_HI12;https://twitter.com/Raka_HI12/status/1764845718328787136
Tue Mar 05 02:47:50 +0000 2024;1764845246314344517;"@sindoe @susipudjiastuti Kalo masalah pak Mahfud, cuma contoh aja.. bakal banyak potensi orangÂ² yang bisa tampil jadi capres kalo PT dihapus misal Rocky Gerung, said Didu, Bambang pacul, Anies , tanpa harus susah payah membentuk koalisi";0;1;0;0;in;1713570042691125248;1764806863605092378;RudyHarton2838;https://twitter.com/RudyHarton2838/status/1764845246314344517
Tue Mar 05 02:45:58 +0000 2024;1764844777818963984;"@NoviBudi78 @aniesbaswedan Bukan capres gagal tp digagalkan...dr semua penjuru";0;1;0;0;in;996264391677919232;1764661795393007694;dwiirwan14;https://twitter.com/dwiirwan14/status/1764844777818963984
Tue Mar 05 02:44:26 +0000 2024;1764844391406133667;"Sebab, program andalan pasangan capres-cawapres nomor urut 02 Prabowo-Gibran itu dijalankan tanpa ada dasar hukum yang jelas.";0;1;0;0;in;1660829479340740608;1764844387199340703;ilhamyoid;https://twitter.com/ilhamyoid/status/1764844391406133667
Tue Mar 05 02:44:25 +0000 2024;1764844387199340703;"Anies soal Pemerintah Uji Coba Program Makan Siang Gratis: Enggak Ada Dasar Hukumnya.  Calon presiden (capres) nomor urut 01, Anies Baswedan, mengkritik pemerintah yang secara terang-terangan telah memulai simulasi program makan siang gratis terhadap para siswa. https://t.co/u6w5PgEZMQ";0;1;0;0;in;1660829479340740608;1764844387199340703;ilhamyoid;https://twitter.com/ilhamyoid/status/1764844387199340703
Tue Mar 05 02:43:13 +0000 2024;1764844082059493712;"@easegura Hey, Que pasÃ³! Les saliÃ³ sin fondos el cheque de CAPRES ? Y que no era Singapur pue!";0;0;0;0;es;1563055016906485761;1764836767960621413;MatrixR58140141;https://twitter.com/MatrixR58140141/status/1764844082059493712
Tue Mar 05 02:43:11 +0000 2024;1764844076300681591;"@itsquaileggs Kata temenku yang pendukungnya, iya mereka nggak mundur dari jabatan sekarang, makanya nggak bisa dialog. Lah sengaja kan?  Lucunya dia bilang, "padahal kan kita butuh ngobrol sama menteri dan walikota kita". Nggaaaak, kalo dialog ya mereka sebagai capres cawapres kaliii.";0;0;0;0;in;417048058;1764485045916668327;RahmaPil;https://twitter.com/RahmaPil/status/1764844076300681591
Tue Mar 05 02:39:44 +0000 2024;1764843208335597933;"@ekky1995 Lu kira milih capres cawapres yg diliat "siapa orgnya"? Yg dilihat itu kulitas bukan orang, melihat visi-misi bukan "dia anak siapa".";0;0;0;0;in;1357946770798518272;1764505745801015720;rissetya22;https://twitter.com/rissetya22/status/1764843208335597933
Tue Mar 05 02:37:28 +0000 2024;1764842638900162658;"Pak @prabowo ,aduh, kok begini capres yah,gak berkelas .Kl mmg anda maksa jadi Presiden,suruh Mentri Urusan Masak Memasak aja pak.";0;0;0;0;in;1603746480707104768;1764842638900162658;lopefutin;https://twitter.com/lopefutin/status/1764842638900162658
Tue Mar 05 02:35:41 +0000 2024;1764842187743965250;"Beras naik 1000 perak aja pada jerit menyalahkan pemerintah. Beras sampai kedapur kt perlu proses panjang, dimulai dari petani bikin bibitnya sampai pendistrusian. Tp sy tau, itu hanya untuk senjata capres yg kalah  menyerang Jokowi. Kalah kok ngeyel gak isin.";1;2;0;3;in;1383301453528244224;1764842187743965250;sukmawijaya91;https://twitter.com/sukmawijaya91/status/1764842187743965250
Tue Mar 05 02:35:41 +0000 2024;1764842187110719916;"@chansdaughter00 Mana yang dari kmaren koar2 ngebelain, katanya gamungkin capres bikin program tanpa riset duluan ğŸ˜Œ";0;0;0;0;in;1572056372904333312;1764792708584067545;rainssoliloquy;https://twitter.com/rainssoliloquy/status/1764842187110719916
Tue Mar 05 02:35:34 +0000 2024;1764842158547456310;"@Lynnnnnn_67 @alvaro_noz @brandal_baru @ramsezrr â€˜Konteksâ€™nya pada saat itu ada â€˜tawaranâ€™ dari pihak lain utk jd capres, maka langkahnya udh tepat dengan menolak karena saat itu sedang ada komitmen dengan pak Prabowo as partai pengusung di Pilkada https://t.co/mAqNe5ANaU";0;0;0;0;in;1301834411944546306;1764111879717392713;3piscesgrill;https://twitter.com/3piscesgrill/status/1764842158547456310
